Step,Deposits,Deposits,Deposits,Deposits,Deposits,Deposits
1,-16.193362626823475,30.0,-16.193362626823475,30.0,-16.193362626823472,30.0
2,-52.714898434160986,82.7646764560093,-52.714898434160986,82.7646764560093,-52.714898434160986,82.7646764560093
3,-107.265579584107,156.73146687640008,-107.265579584107,156.73146687640008,-107.265579584107,156.73146687640008
4,-161.16545404056535,210.24669995324098,-161.16545404056535,210.24669995324098,-161.16545404056535,210.24669995324098
