Step,Firm1 Deposits,Firm1 Loans,Firm2 Deposits,Firm2 Loans,Firm3 Deposits,Firm3 Loans,Household1 Deposits,Household1 Loans,Household2 Deposits,Household2 Loans,Household3 Deposits,Household3 Loans,Bank Deposist,Bank Loans
1,-312.9152030585576,288.8719394533248,-312.9152030585576,288.8719394533249,-312.9152030585576,288.8719394533249,-1.8713626969839012,0.0,-1.8713626969839012,0.0,-1.8713626969839012,0.0,944.3596972666244,866.6158183599746
