,current_step,rel_equity_losses,system_equity_pre_shock,system_debt,system_equity_losses,system_cash_reserves,system_assets,cum_equity_losses,system_TAS,system_equity,equity_to_pre_shock
0,0,-0.0,3.451829034e+11,4.39807297093e+12,0.0,1.20933548566e+11,4.74325587433e+12,0.0,0.0,3.451829034e+11,1.0
1,1,0.107936356637,3.451829034e+11,3.85126021792e+12,-37257784966.4,35057100380.3,4.04415566309e+12,0.441179029244,-5.46812753162e+11,1.92895445166e+11,0.558820970756
2,2,0.012761373754,3.451829034e+11,3.7863513755e+12,-4405008043.78,20148595044.4,3.94664277425e+12,0.535633436173,-64908842434.1,1.60291398744e+11,0.464366563827
3,3,0.00140483462047,3.451829034e+11,3.77920004341e+12,-484924893.092,18410071232.0,3.93568487143e+12,0.54666112812,-7151332093.26,1.5648482802e+11,0.45333887188
4,4,0.000153223626998,3.451829034e+11,3.77842012185e+12,-52890176.4365,18219247265.5,3.93448719641e+12,0.54787136609,-779921562.341,1.56067074563e+11,0.45212863391
