,current_step,rel_equity_losses,system_equity_pre_shock,system_debt,system_equity_losses,system_cash_reserves,system_assets,cum_equity_losses,system_TAS,system_equity,equity_to_pre_shock
0,0,-0.0,3.451829034e+11,4.39807297093e+12,0.0,1.20933548566e+11,4.74325587433e+12,0.0,0.0,3.451829034e+11,1.0
1,1,0.0136266773211,3.451829034e+11,4.33591480813e+12,-4703696041.39,67429479572.4,4.57214860092e+12,0.315627192243,-62158162872.3,2.3623379279e+11,0.684372807757
2,2,0.000457935619202,3.451829034e+11,4.33376996466e+12,-158071546.606,64804519502.0,4.56607859738e+12,0.326998439304,-2144843468.3,2.32308632714e+11,0.673001560696
3,3,1.84178790002e-05,3.451829034e+11,4.33367675208e+12,-6357536.94776,64717104721.7,4.56585613776e+12,0.327372869886,-93212582.2707,2.32179385679e+11,0.672627130114
4,4,8.25869248823e-07,3.451829034e+11,4.3336724564e+12,-285075.945137,64713673125.6,4.56584640651e+12,0.327388616809,-4295680.07442,2.3217395011e+11,0.672611383191
5,5,3.84274148573e-08,3.451829034e+11,4.33367225486e+12,-13264.4866306,64713519870.8,4.56584595717e+12,0.327389334706,-201537.725084,2.32173702304e+11,0.672610665294
6,6,1.80798821542e-09,3.451829034e+11,4.33367224536e+12,-624.086621512,64713512748.5,4.56584593607e+12,0.327389368279,-9505.09925378,2.32173690715e+11,0.672610631721
7,7,8.53397433484e-11,3.451829034e+11,4.33367224491e+12,-29.4578203844,64713512413.5,4.56584593508e+12,0.327389369861,-448.965994448,2.32173690169e+11,0.672610630139
